-- phpMyAdmin SQL Dump
-- version 5.2.1
-- https://www.phpmyadmin.net/
--
-- Hôte : 127.0.0.1
-- Généré le : mer. 02 juil. 2025 à 17:37
-- Version du serveur : 10.4.32-MariaDB
-- Version de PHP : 8.2.12

SET SQL_MODE = "NO_AUTO_VALUE_ON_ZERO";
START TRANSACTION;
SET time_zone = "+00:00";


/*!40101 SET @OLD_CHARACTER_SET_CLIENT=@@CHARACTER_SET_CLIENT */;
/*!40101 SET @OLD_CHARACTER_SET_RESULTS=@@CHARACTER_SET_RESULTS */;
/*!40101 SET @OLD_COLLATION_CONNECTION=@@COLLATION_CONNECTION */;
/*!40101 SET NAMES utf8mb4 */;

--
-- Base de données : `gestion-des-stocks`
--

-- --------------------------------------------------------

--
-- Structure de la table `category`
--

CREATE TABLE `category` (
  `id_category` smallint(3) NOT NULL,
  `nom_category` varchar(20) NOT NULL,
  `reserve_id` smallint(3) DEFAULT NULL
) ENGINE=InnoDB DEFAULT CHARSET=utf8mb4 COLLATE=utf8mb4_general_ci;

--
-- Déchargement des données de la table `category`
--

INSERT INTO `category` (`id_category`, `nom_category`, `reserve_id`) VALUES
(1, 'Petits outillages', NULL),
(2, 'Matières d’œuvre', NULL);

-- --------------------------------------------------------

--
-- Structure de la table `produits`
--

CREATE TABLE `produits` (
  `id_produit` smallint(3) NOT NULL,
  `nom_produit` varchar(100) NOT NULL,
  `unite` varchar(5) NOT NULL,
  `pu_ttc` decimal(5,2) NOT NULL,
  `qt` int(5) NOT NULL,
  `total` decimal(5,2) NOT NULL,
  `category_id` smallint(3) DEFAULT NULL,
  `reserve_id` smallint(3) DEFAULT NULL,
  `color` varchar(7) NOT NULL
) ENGINE=InnoDB DEFAULT CHARSET=utf8mb4 COLLATE=utf8mb4_general_ci;

--
-- Déchargement des données de la table `produits`
--

INSERT INTO `produits` (`id_produit`, `nom_produit`, `unite`, `pu_ttc`, `qt`, `total`, `category_id`, `reserve_id`, `color`) VALUES
(1, 'BROSSE A RECHAMPIR ACRYLIQUE CHANTIER NUMERO 2', '', 2.41, 16, 38.56, 1, 1, ''),
(2, 'BROSSE A RECHAMPIR ACRYLIQUE CHANTIER NUMERO 6', '', 2.84, 16, 45.44, 1, 1, ''),
(3, 'CAISSE A OUTILS ABS PLATEAU AMOVIBLE AVEC CADENAS 60X30X30 CM', '', 43.73, 16, 699.68, 1, 1, ''),
(4, 'CISAILLE A TOLE TYPE AVIATION 260 MM', '', 5.36, 16, 85.76, 1, 1, ''),
(5, 'CISAILLE GRIGNOTEUSE MANUELLE', '', 21.08, 2, 42.16, 1, 1, ''),
(6, 'CISEAU A BOIS BI-MATIERE LARG 10 MM', '', 7.07, 16, 113.12, 1, 1, ''),
(7, 'CISEAU A BOIS BI-MATIERE LARG 14 MM', '', 5.50, 16, 88.00, 1, 1, ''),
(8, 'CISEAU A BOIS BI-MATIERE LARG 20 MM', '', 8.08, 16, 129.28, 1, 1, ''),
(9, 'CISEAUX COLLEUR LONG 28 CM', '', 9.77, 16, 156.32, 1, 1, ''),
(10, 'CLE A BONDE AVEC TETE', '', 57.00, 2, 114.00, 1, 1, ''),
(11, 'CLE A MOLETTE OUVERTURE 34 MM LONG 255 MM', '', 12.15, 16, 194.40, 1, 1, ''),
(12, 'CLE LAVABO TELESCOPIQUE 36 A 65 MM', '', 55.88, 2, 111.76, 1, 1, ''),
(13, 'CLE MALE TORX COURTE - JEU DE 9 A 40', '', 11.20, 1, 11.20, 1, 1, ''),
(14, 'CLE MIXTE DE 10', '', 1.70, 16, 27.20, 1, 1, ''),
(15, 'CLE MIXTE DE 13', '', 1.99, 16, 31.84, 1, 1, ''),
(16, 'CLE MIXTE DE 17', '', 2.90, 16, 46.40, 1, 1, ''),
(17, 'CLE MIXTE DE 6 A 24 MM - JEU DE 18 CLES', '', 44.60, 1, 44.60, 1, 1, ''),
(18, 'COFFRET COMPLET PINCE A GLISSEMENT POUR RACCORD PER', '', 39.90, 2, 79.80, 1, 1, ''),
(19, 'COFFRET MATRICE A COLLET BATTU DIAM 10 A 22 (HORS 15)', '', 106.27, 4, 425.08, 1, 1, ''),
(20, 'COUPE GAINE DE PROTEXTION DES TUBES', '', 33.00, 2, 66.00, 1, 1, ''),
(21, 'COUTEAU A ENDUIRE TYPE AMERICAIN LARGEUR 100 MM', '', 10.50, 16, 168.00, 1, 1, ''),
(22, 'COUTEAU A ENDUIRE TYPE AMERICAIN LARGEUR 160 MM', '', 11.58, 16, 185.28, 1, 1, ''),
(23, 'EMBOUT DE VISSAGE PH2', '', 0.75, 16, 12.00, 1, 1, ''),
(24, 'FORET A BOIS - JEU DE 3 A 10 MM', '', 11.77, 4, 47.08, 1, 1, ''),
(25, 'FORET METAL A ETAGES DE 4 A 20', '', 18.37, 4, 73.48, 1, 1, ''),
(26, 'FORET METAL HSS - JEU DE 3 A 13', '', 40.61, 2, 81.22, 1, 1, ''),
(27, 'FORET PILOTE POUR SCIES TREPAN ACIER', '', 2.45, 4, 9.80, 1, 1, ''),
(28, 'FRAISE ENCASTREMENT DE TETES DE VIS D 12MM', '', 6.00, 2, 12.00, 1, 1, ''),
(29, 'HELICE MALAXEUR PEINTURE DIAM 140 MM LONG 600 MM', '', 12.37, 2, 24.74, 1, 1, ''),
(30, 'LAMPE A SOUDER MONOGAZ', '', 27.00, 16, 432.00, 1, 1, ''),
(31, 'LIME CARREE MI-DOUCE MANCHE BI-MATIERE 200 MM', '', 4.97, 16, 79.52, 1, 1, ''),
(32, 'LIME QUEUE DE RAT EMMANCHEE DIAM 12 MM', '', 9.70, 16, 155.20, 1, 1, ''),
(33, 'MAILLET CAOUTCHOUC BLANC 650G DIAM 65 MM', '', 4.64, 16, 74.24, 1, 1, ''),
(34, 'MANCHON POLYAMIDE SOLVANT 12-110 MM', '', 0.65, 16, 10.40, 1, 1, ''),
(35, 'MARTEAU DE MENUISIER MANCHE BOIS 24 MM', '', 5.23, 16, 83.68, 1, 1, ''),
(36, 'MECHE PLATE POUR BOIS - JEU DE 5 DIAM 18 - 22 - 24 - 26 - 32 MM', '', 20.00, 4, 80.00, 1, 1, ''),
(37, 'METRE A RUBAN DE 3M', '', 1.20, 16, 19.20, 1, 1, ''),
(38, 'MINI COUPE TUBE CUIVRE DIAM 3-16 MM', '', 19.50, 2, 39.00, 1, 1, ''),
(39, 'MULTIMETRE NUMERIQUE DE POCHE', '', 42.00, 2, 84.00, 1, 1, ''),
(40, 'NIVEAU LASER CROIX ET POINTS 3 AXES POUR INTERIEUR', '', 121.60, 1, 121.60, 1, 1, ''),
(41, 'NIVEAU TRAPEZE ALU 2 FIOLES 600 MM', '', 18.00, 16, 288.00, 1, 1, ''),
(42, 'PERCEUSE VISSEUSE SANS FIL 18 V BATTERIE LI-ION', '', 170.00, 16, 999.99, 1, 1, ''),
(43, 'PERFORATEUR BURINEUR 800 W MANDRIN SDS+', '', 199.51, 2, 399.02, 1, 1, ''),
(44, 'PINCE A CINTRER LES TUBES CUIVRE DIAM 12X1', '', 33.52, 4, 134.08, 1, 1, ''),
(45, 'PINCE A DENUDER FILS DE 0.6 A 2.5 MM2', '', 10.80, 16, 172.80, 1, 1, ''),
(46, 'PINCE A GLISSEMENT MANUELLE POUR PER', '', 21.58, 2, 43.16, 1, 1, ''),
(47, 'PINCE A SERTIR LES PLUG RJ11 ET RJ45 AVEC SYSTEME DE DENUDAGE', '', 15.61, 2, 31.22, 1, 1, ''),
(48, 'PINCE COUPANTE DIAGONALE ISOLEE 160 MM', '', 19.07, 16, 305.12, 1, 1, ''),
(49, 'PINCE COUPE TUBE PVC / PER', '', 49.00, 2, 98.00, 1, 1, ''),
(50, 'PINCE MULTIPRISE GRANDE CAPACITE 240 MM', '', 5.60, 16, 89.60, 1, 1, ''),
(51, 'PINCE POUR CHEVILLE METALLIQUE A EXPANSION POUR CLOISON CREUSE', '', 11.80, 4, 47.20, 1, 1, ''),
(52, 'PISTOLET MANUEL POUR CARTOUCHE 310ML', '', 2.40, 4, 9.60, 1, 1, ''),
(53, 'PLATOIR INOX ITALIEN 28X12 CM', '', 6.00, 16, 96.00, 1, 1, ''),
(54, 'POIGNEE DE TRANSPORT DUOPLAC POUR PLAQUE DE PLATRE A GRIFFES LOT DE 2', '', 12.00, 2, 24.00, 1, 1, ''),
(55, 'POMPE EPREUVE SUR BAC EQUIPEE FLEXIBLE ET MANOMETRE PRESSION 0 A 20 BARS', '', 199.08, 2, 398.16, 1, 1, ''),
(56, 'RABOT 1000 W LARG 82 MM', '', 184.25, 1, 184.25, 1, 1, ''),
(57, 'RABOT METALLIQUE DE MENUISIER LONG 180X40 MM', '', 100.00, 1, 100.00, 1, 1, ''),
(58, 'RABOT TYPE SURFORM (250MM)', '', 32.89, 16, 526.24, 1, 1, ''),
(59, 'RAPE A BOIS MI-RONDE BATARDE LONG 250 MM', '', 10.30, 16, 164.80, 1, 1, ''),
(60, 'RESSORT A CINTRER CUIVRE EXTERIEUR DIAM 12', '', 8.00, 2, 16.00, 1, 1, ''),
(61, 'RESSORT A CINTRER MULTICOUCHE INTERIEUR DIAM 12', '', 30.00, 2, 60.00, 1, 1, ''),
(62, 'SCIE A DOS A FINE DENTURE LONG 350 MM', '', 12.00, 4, 48.00, 1, 1, ''),
(63, 'SCIE A GUICHET LONG 300 MM', '', 6.00, 16, 96.00, 1, 1, ''),
(64, 'SCIE A METAUX POIGNEE REVOLVER LONG 30 CM', '', 5.90, 16, 94.40, 1, 1, ''),
(65, 'SCIE CIRCULAIRE 1400 W DIAM 190 MM', '', 93.11, 1, 93.11, 1, 1, ''),
(66, 'SCIE CLOCHE - COFFRET  8  ET 8  BI-METAL HSS, DIAM 38 / 40 / 54 / 64 / 65 / 67 / 76/ 86 MM, ARBRE SU', '', 118.80, 4, 475.20, 1, 1, ''),
(67, 'SCIE EGOINE COFFREUR DENTURE FINE LONG 450 MM', '', 13.86, 4, 55.44, 1, 1, ''),
(68, 'SCIE EGOINE PLAQUE DE PLATRE LONG 550 MM', '', 9.00, 2, 18.00, 1, 1, ''),
(69, 'SPATULE A MAROUFLER PVC', '', 7.03, 16, 112.48, 1, 1, ''),
(70, 'SYSTEME DE CONDAMNATION DE DISJONCTEURS', '', 20.38, 16, 326.08, 1, 1, ''),
(71, 'TABLE DE TAPISSIER - DIM 0.70X2 M', '', 108.91, 2, 217.82, 1, 1, ''),
(72, 'TABLETTE NUMERIQUE TACTILE ANDROID', '', 250.00, 16, 999.99, 1, 1, ''),
(73, 'TENAILLE MENUISIER LONG 200 MM', '', 5.60, 16, 89.60, 1, 1, ''),
(74, 'TESTEUR DE CABLE USB RJ45', '', 75.00, 2, 150.00, 1, 1, ''),
(75, 'TESTEUR DE TENSION VAT SELON EN 612', '', 42.00, 16, 672.00, 1, 1, ''),
(76, 'TOURNEVIS ISOLE 1000 V - JEU DE 6 (4 PLATS + 2 PHS)', '', 25.19, 16, 403.04, 1, 1, ''),
(77, 'TRETEAUX PLIANT EN BOIS  77X77 CM - LA PAIRE', '', 8.28, 2, 16.56, 1, 1, ''),
(78, 'TRUELLE LANGUE DE CHAT 16 CM', '', 1.80, 16, 28.80, 1, 1, ''),
(79, 'ALIMENTATION URINOIR COQUILLE KIT ROBINET + TUBULURE PRESTO', 'UN', 17.33, 2, 34.66, 2, 1, ''),
(80, 'AMPOULE HALOGENE 40W 24V E27', 'UN', 2.48, 32, 79.36, 2, 1, ''),
(81, 'APPAREILLAGE IP55 PLEXO LEGRAND BOITIER  1 POSTE', 'UN', 2.46, 8, 19.68, 2, 1, ''),
(82, 'APPAREILLAGE IP55 PLEXO LEGRANDE MECANISME INTER VV IP55', 'UN', 6.19, 8, 49.52, 2, 1, ''),
(83, 'APPAREILLAGE MOSAIC LEGRAND VA ET VIENS 2 MODULES', 'UN', 8.32, 48, 399.36, 2, 1, ''),
(84, 'APPLIQUE  FLUORESCENTE SEULE IP24-IK04 CLASSE 2', 'UN', 14.80, 16, 236.80, 2, 1, ''),
(85, 'ATTACHE EQUERRE COULISSANTE PORTEUR PLAFOND DEMONTABLE', 'UN', 24.74, 64, 999.99, 2, 1, ''),
(86, 'BAES AMBIANCE SATI', 'UN', 185.00, 2, 370.00, 2, 1, ''),
(87, 'BAES EVACUATION SATI', 'UN', 73.00, 2, 146.00, 2, 1, ''),
(88, 'BANDE A JOINT PAPIER LARG 50 MM', 'ROULE', 4.55, 6, 25.48, 2, 1, ''),
(89, 'BANDE ARMEE LARG 50 MM', 'ROULE', 12.10, 6, 77.44, 2, 1, ''),
(90, 'BARRE DE DOUCHE MURALE AVEC DOUCHETTE ET FLEXIBLE', 'UN', 13.32, 2, 26.64, 2, 1, ''),
(91, 'BARRETTE DE CONNEXION A VISSER 2,5 MM', 'UN', 2.03, 16, 32.48, 2, 1, ''),
(92, 'BOBINE ETAIN 97 POUR CENT CUIVRE 3 POUR CENT SANS AME DECAPANTE DIAM 2 MM', 'kg', 31.19, 4, 124.76, 2, 1, ''),
(93, 'BOITE DERIVATION CLOISON SECHE 170X170X50MM', 'UN', 11.75, 32, 376.00, 2, 1, ''),
(94, 'BOITE DERIVATION SAILLIE IP55 105X105X55MM', 'UN', 4.30, 32, 137.60, 2, 1, ''),
(95, 'BOITE ENCASTREMENT 67MM CLOISON SECHE 1 POSTE 40MM', 'UN', 0.69, 112, 77.28, 2, 1, ''),
(96, 'BONDE INOX', 'UN', 7.14, 16, 114.24, 2, 1, ''),
(97, 'BOUCHON LAITON 292 M DIAM 15/21', 'UN', 0.36, 32, 11.52, 2, 1, ''),
(98, 'BOUCHON LAITON 300 F DIAM 15/21', 'UN', 1.82, 64, 116.48, 2, 1, ''),
(99, 'BOUCHON POUR RADIATEUR ACIER DIAM 1/2', 'UN', 0.37, 4, 1.48, 2, 1, ''),
(100, 'BOUCHON PURGEUR POUR RADIATEUR ACIER DIAM 1/2', 'UN', 0.67, 4, 2.68, 2, 1, ''),
(101, 'BOUCHON PVC DIAM 100', 'UN', 2.08, 32, 66.56, 2, 1, ''),
(102, 'BOUCHON PVC DIAM 32', 'UN', 0.36, 32, 11.52, 2, 1, ''),
(103, 'BOUCHON PVC DIAM 40', 'UN', 0.35, 32, 11.20, 2, 1, ''),
(104, 'BOUCLIER THERMIQUE PROTECTION FLAMME 300X300', 'UN', 10.00, 16, 160.00, 2, 1, ''),
(105, 'CABLE RJ45 M/M CATEGORIE 6 DROIT L=50 CM', 'UN', 1.10, 4, 4.40, 2, 1, ''),
(106, 'CHAINE DE BALISAGE ET SIGNALISATION ROUGE-BLANC - DIAM 8MM', 'UN', 21.25, 2, 42.50, 2, 1, ''),
(107, 'CHEVILLE A EXPANSION + VIS 6X75', 'UN', 0.28, 160, 44.80, 2, 1, ''),
(108, 'CHEVILLE A FRAPPER DIAM 6X35 (BOITE DE 50)', 'UN', 12.94, 3, 41.41, 2, 1, ''),
(109, 'CHIFFONS BLANCS EN COTON', 'UN', 1.42, 32, 45.44, 2, 1, ''),
(110, 'CLARINETTE CUIVRE A SOUDER MALE FEMELLE DIAM 12', 'UN', 3.67, 16, 58.72, 2, 1, ''),
(111, 'COFFRET 13/18 MODULES BANDE OBTURATEUR', 'UN', 2.48, 16, 39.68, 2, 1, ''),
(112, 'COFFRET 18 MODULES 600MM PLAQUE FOND PERFOREE', 'UN', 120.00, 2, 240.00, 2, 1, ''),
(113, 'COFFRET ELECTRIQUE 8 MODULES', 'UN', 15.00, 16, 240.00, 2, 1, ''),
(114, 'COLLE A PAPIER PEINT LOURD ET VINYL EN POUDRE', 'kg', 40.45, 4, 161.80, 2, 1, ''),
(115, 'COLLE A PAPIER PEINT UNIVERSELLE', 'kg', 17.70, 4, 70.80, 2, 1, ''),
(116, 'COLLE EMULSION TYPE ACRYLIQUE 5 LITRES', 'BIDON', 60.00, 2, 120.00, 2, 1, ''),
(117, 'COLLE MATIC NP PLUS CARTOUCHE', 'CARTO', 4.67, 4, 18.68, 2, 1, ''),
(118, 'COLLE POUR REVÊTEMENT INTISSÉ', 'PAQUE', 5.50, 8, 44.00, 2, 1, ''),
(119, 'COLLE PVC EN GEL BOITE 250ML AVEC PINCEAU', 'UN', 6.34, 4, 25.36, 2, 1, ''),
(120, 'COLLE VINYLIQUE POUR TOILE DE VERRE OU REVETEMENT A PEINDRE', 'kg', 7.84, 16, 125.44, 2, 1, ''),
(121, 'COLLIER DOUBLE BICHROMATE DIAM 12', 'UN', 0.13, 48, 6.24, 2, 1, ''),
(122, 'COLLIER PVC DIAM 100', 'UN', 1.39, 80, 111.20, 2, 1, ''),
(123, 'COLLIER PVC LYRE DIAM 32', 'UN', 0.80, 64, 51.20, 2, 1, ''),
(124, 'COLLIER PVC TYPE DIAM 40', 'UN', 1.20, 64, 76.80, 2, 1, ''),
(125, 'COLLIER SIMPLE BICHROMATE DIAM 12', 'UN', 0.36, 64, 23.04, 2, 1, ''),
(126, 'COLORANT UNIVERSEL - JAUNE CITRON', 'L', 58.15, 1, 55.82, 2, 1, ''),
(127, 'COLORANT UNIVERSEL - NOIR', 'L', 72.00, 1, 69.12, 2, 1, ''),
(128, 'COLORANT UNIVERSEL - ROUGE VIF', 'L', 62.96, 1, 60.44, 2, 1, ''),
(129, 'COLORANT UNIVERSEL - VERT', 'UN', 55.58, 1, 53.36, 2, 1, ''),
(130, 'COLORANT UNIVERSEL BLEU HELIO 250ML', 'UN', 55.58, 1, 53.36, 2, 1, ''),
(131, 'CONNECTEURS RAPIDE - 2 ENTREES RIGIDES DE 0,5 / 2,5MM', 'BOITE', 9.32, 2, 18.64, 2, 1, ''),
(132, 'CONNECTEURS RAPIDE - 3 ENTREES RIGIDES DE 0,5 / 2,5MM', 'BOITE', 10.79, 2, 21.58, 2, 1, ''),
(133, 'CONTACTEUR MODULAIRE HEURES CREUSES BIPOLAIRE 20A 230 V', 'UN', 43.13, 2, 86.26, 2, 1, ''),
(134, 'CONVECTEUR 100W', 'UN', 68.06, 16, 999.99, 2, 1, ''),
(135, 'CORDEAU MACON TRESSE DIAM 2 MM LONG 100 M', 'm', 0.06, 32, 1.92, 2, 1, ''),
(136, 'CORDEAU TRACEUR POUDRE LONG 30 M', 'UN', 3.80, 2, 7.60, 2, 1, ''),
(137, 'COUDE CUIVRE 90 DEG  FF DIAM 12', 'UN', 0.23, 64, 14.72, 2, 1, ''),
(138, 'COUDE PVC 45 DEG FF DIAM 40', 'UN', 0.70, 64, 44.80, 2, 1, ''),
(139, 'COUDE PVC 87.30 DEG  FF DIAM 100', 'UN', 2.66, 32, 85.12, 2, 1, ''),
(140, 'COUDE PVC 87.30 DEG  FF DIAM 32', 'UN', 0.80, 64, 51.20, 2, 1, ''),
(141, 'COUDE PVC 87.30 DEG  FF DIAM 40', 'UN', 0.90, 96, 86.40, 2, 1, ''),
(142, 'CRAYON DE CHARPENTIER ROUGE OVALE 30 CM', 'UN', 0.81, 16, 12.96, 2, 1, ''),
(143, 'CROISILLON JOINT 2 MM', 'SAC', 1.90, 4, 7.60, 2, 1, ''),
(144, 'CROISILLON JOINT 4 MM', 'SAC', 2.30, 4, 9.20, 2, 1, ''),
(145, 'CYLINDRE DOUBLE EUROPEEN', 'UN', 9.00, 16, 144.00, 2, 1, ''),
(146, 'DECAPANT BRASURE ETAIN EN PATE', 'kg', 61.39, 2, 147.34, 2, 1, ''),
(147, 'DETECTEUR DE MOUVEMENT ENCASTRABLE PLAFOND', 'UN', 64.16, 16, 999.99, 2, 1, ''),
(148, 'DISJONCTEUR UNI + N 16 A COURBE C', 'UN', 6.72, 32, 215.04, 2, 1, ''),
(149, 'DOUILLE CHANTIER E27 DCL + FICHE', 'UN', 20.36, 48, 977.28, 2, 1, ''),
(150, 'DOUILLE PATERE ETANCHE IP55 E27 - 250 V', 'UN', 8.78, 4, 35.12, 2, 1, ''),
(151, 'ECROU LAITON A COLLET BATTU DIAM 12-1/2', 'UN', 0.31, 96, 29.76, 2, 1, ''),
(152, 'ECROU LAITON A COLLET BATTU DIAM 12-3/8', 'UN', 1.01, 64, 64.64, 2, 1, ''),
(153, 'FICHE RJ45 CAT 5e UTP DROIT', 'UN', 0.45, 8, 3.60, 2, 1, ''),
(154, 'FIL H07V-U 1.5 MM2 BLEU', 'm', 0.14, 160, 22.40, 2, 1, ''),
(155, 'FIL H07V-U 1.5 MM2 NOIR', 'm', 0.14, 160, 22.40, 2, 1, ''),
(156, 'FIL H07V-U 1.5 MM2 ORANGE', 'm', 0.14, 160, 22.40, 2, 1, ''),
(157, 'FIL H07V-U 1.5 MM2 ROUGE', 'm', 0.14, 160, 22.40, 2, 1, ''),
(158, 'FIL H07V-U 1.5 MM2 VERT/JAUNE', 'm', 0.14, 160, 22.40, 2, 1, ''),
(159, 'FIL H07V-U 2.5 MM2 BLEU', 'm', 0.19, 160, 30.40, 2, 1, ''),
(160, 'FIL H07V-U 2.5 MM2 ROUGE', 'm', 0.19, 160, 30.40, 2, 1, ''),
(161, 'FIL H07V-U 2.5 MM2 VERT/JAUNE', 'm', 0.19, 160, 30.40, 2, 1, ''),
(162, 'FILM POLYANE 150 MICRONS 3X25 M', 'ROULE', 15.40, 1, 15.40, 2, 1, ''),
(163, 'FIXATION POUR LAVABO 10X120 - JEU', 'UN', 2.05, 16, 32.80, 2, 1, ''),
(164, 'FIXATION POUR WC 6X80 - JEU', 'UN', 2.00, 16, 32.00, 2, 1, ''),
(165, 'GRAISSE UNIVERSEL EN TUBE', 'kg', 25.30, 1, 25.30, 2, 1, ''),
(166, 'HUBLOT OV BLANC ARIC 3632', 'UN', 5.46, 16, 87.36, 2, 1, ''),
(167, 'INFORMATIQUE FICHE RJ45 CAT 6A 9 CONTACTS', 'UN', 7.74, 4, 30.96, 2, 1, ''),
(168, 'INTER DIFF 30MA TYPE AC 40 A', 'UN', 29.99, 16, 479.84, 2, 1, ''),
(169, 'INTER VA ET VIENS  COMPLET APPAREILLAGE NILOE LEGRAND', 'UN', 6.28, 32, 200.96, 2, 1, ''),
(170, 'INTERRUPTEUR POUSSOIR IP55 COMPLET SAILLIE (TYPE PROG PLEXO LEGRAND)', 'UN', 6.77, 8, 54.16, 2, 1, ''),
(171, 'JOINT CAOUTCHOUC DIAM 1-1/2', 'UN', 0.21, 64, 13.44, 2, 1, ''),
(172, 'JOINT CAOUTCHOUC DIAM 1-1/4', 'UN', 0.14, 64, 8.96, 2, 1, ''),
(173, 'KIT CARTE TESTEUR RJ45 (BRASAGE TRAVERSANTS)', 'UN', 40.00, 1, 40.00, 2, 1, ''),
(174, 'KIT POINT APPLIQUE DCL CLOISONS SECHES', 'UN', 4.06, 48, 194.88, 2, 1, ''),
(175, 'LAME POUR CISAILLE GRIGNOTEUSE MANUELLE', 'UN', 4.30, 2, 8.60, 2, 1, ''),
(176, 'LAME SCIE A METAUX BIMETAL 12 DENTS (PAQUET DE 10)', 'PAQUE', 23.15, 2, 37.04, 2, 1, ''),
(177, 'LESSIVE DE NETTOYAGE TYPE ST MARC', 'kg', 6.14, 4, 24.56, 2, 1, ''),
(178, 'LINOLITE', 'UN', 9.50, 16, 152.00, 2, 1, ''),
(179, 'MANCHON CUIVRE 3/8 FF A BRASER', 'UN', 0.33, 128, 42.24, 2, 1, ''),
(180, 'MANCHON DE DILATATION PVC DIAM 100', 'UN', 9.50, 16, 152.00, 2, 1, ''),
(181, 'MANCHON PATTE DE LAPIN TEXTURE - 14X100 MM', 'UN', 2.00, 16, 32.00, 2, 1, ''),
(182, 'MANCHON POLYAMIDE PHASE AQUEUSE - 12X180', 'UN', 8.38, 16, 134.08, 2, 1, ''),
(183, 'MANCHON POUR RJ45 BLEU', 'UN', 0.16, 4, 0.64, 2, 1, ''),
(184, 'MANCHON POUR RJ45 JAUNE', 'UN', 0.16, 4, 0.64, 2, 1, ''),
(185, 'MANCHON PVC DIAM 100', 'UN', 1.98, 16, 31.68, 2, 1, ''),
(186, 'MANCHON PVC DIAM 32', 'UN', 0.29, 32, 9.28, 2, 1, ''),
(187, 'MANCHON PVC DIAM 40', 'UN', 0.68, 16, 10.88, 2, 1, ''),
(188, 'MASTIC ACRYLIQUE 310ML BLANC', 'UN', 0.86, 8, 6.88, 2, 1, ''),
(189, 'MASTIC ACRYLIQUE TRANSLUCIDE EN CARTOUCHE', 'UN', 2.16, 8, 17.28, 2, 1, ''),
(190, 'MINUTERIE MULTIFONCTION MODULAIRE 230V 1P 16A', 'UN', 27.44, 2, 54.88, 2, 1, ''),
(191, 'NOURRICE LAITON 2 CIRCUITS ALIM F 3/4 SORTIES M 1/2', 'UN', 17.50, 4, 70.00, 2, 1, ''),
(192, 'PANNEAU FLECHAGE DE ACCES (40/60)', 'UN', 2.20, 0, 0.00, 2, 1, ''),
(193, 'PANNEAU PEINTURE FRAICHE', 'UN', 3.74, 0, 0.00, 2, 1, ''),
(194, 'PATTE A VIS BOIS 7X150 LONG 40', 'UN', 0.03, 64, 1.92, 2, 1, ''),
(195, 'PATTE A VIS METAUX 7 DIAM 6X50', 'UN', 0.04, 96, 3.84, 2, 1, ''),
(196, 'PAVE LUMINEUX ENCASTRE FAUX PLAFOND TUBE FLUO BLANC 600X600', 'UN', 45.83, 16, 733.28, 2, 1, ''),
(197, 'PC COMPLET APPAREILLAGE NILOE LEGRAND', 'UN', 4.74, 32, 151.68, 2, 1, ''),
(198, 'PEIGNE UNIVERSEL ALIMENTATION ELECTRIQUE 13 MODULES', 'UN', 2.00, 8, 16.00, 2, 1, ''),
(199, 'PIEDS DE RECEVEUR DE DOUCHE PAR LOT DE 4', 'UN', 14.90, 2, 29.80, 2, 1, ''),
(200, 'PIPE COURTE 90 DEG  FEMELLE DIAM 100', 'UN', 8.98, 16, 143.68, 2, 1, ''),
(201, 'PIPE DE WC COUDEE JOINT A LEVRE DIAM 100', 'UN', 8.27, 16, 132.32, 2, 1, ''),
(202, 'POINTE TETE HOMME 25/8 (KG)', 'kg', 10.80, 2, 21.60, 2, 1, ''),
(203, 'PORTE-MANTEAU BOIS 2 TETES', 'UN', 2.50, 16, 40.00, 2, 1, ''),
(204, 'POUSSOIR COMPLET APPAREILLAGE NILOE LEGRAND', 'UN', 5.60, 8, 44.80, 2, 1, ''),
(205, 'PRISE DE COURANT 16A 2P+T  IP55 COMPOSABLE (TYPE PROG PLEXO LEGRAND)', 'UN', 5.65, 8, 45.20, 2, 1, ''),
(206, 'PRISE DE COURANT SIMPLE 2P+T BL (TYPE PROG MOSAIC LEGRAND)', 'UN', 4.83, 32, 154.56, 2, 1, ''),
(207, 'PROLONGATEUR CAT5E RJ45 F/F BLINDE', 'UN', 7.98, 2, 15.96, 2, 1, ''),
(208, 'PURGEUR AUTOMATIQUE DIAM 3/8', 'UN', 4.36, 2, 8.72, 2, 1, ''),
(209, 'RACCORD LAITON GCU NUM 243 DIAM 12-1/2', 'UN', 0.20, 64, 12.80, 2, 1, ''),
(210, 'RACCORD LAITON GCU NUM 243 DIAM 12-3/8', 'UN', 0.25, 64, 16.00, 2, 1, ''),
(211, 'RACCORD MULTICOUCHE A COMPRESSION ECROU TOURNANT DIAM 1/2-16', 'UN', 2.16, 64, 138.24, 2, 1, ''),
(212, 'RACCORD MULTICOUCHE A COMPRESSION ECROU TOURNANT DIAM 3/8-16', 'UN', 2.16, 64, 138.24, 2, 1, ''),
(213, 'RACCORD MULTICOUCHE A SERTIR ECROU LIBRE F DIAM 16-1/2', 'UN', 0.78, 64, 49.92, 2, 1, ''),
(214, 'RACCORD MULTICOUCHE A SERTIR ECROU TOURNANT DIAM 3/8-16', 'UN', 0.78, 64, 49.92, 2, 1, ''),
(215, 'RACCORD PER A GLISSEMENT A ECROU LIBRE F DIAM 12-1/2', 'UN', 0.78, 64, 49.92, 2, 1, ''),
(216, 'RACCORD PER A GLISSEMENT A ECROU LIBRE F DIAM 12-3/8', 'UN', 0.78, 64, 49.92, 2, 1, ''),
(217, 'RACCORDS EXCENTRES AVEC ROSACES LOT DE 2  MALE / MALE 1/2 -3/4', 'UN', 13.99, 2, 27.98, 2, 1, ''),
(218, 'RACLETTE DE CARRELEUR DOUBLE MOUSSE 440 MM', 'UN', 2.58, 4, 10.32, 2, 1, ''),
(219, 'RECHARGE DE GAZ PERCABLE POUR LAMPE A SOUDER/CHALUMEAU', 'CARTO', 4.00, 16, 64.00, 2, 1, ''),
(220, 'REDUCTION EXCENTREE DIAM 40 x 32', 'UN', 4.32, 16, 69.12, 2, 1, ''),
(221, 'REDUCTION GAUCHE POUR RADIATEUR FONTE ALU MF 1-3/8', 'UN', 2.29, 2, 4.58, 2, 1, ''),
(222, 'REDUCTION PVC INCORPOREE MF DIAM 100.40', 'UN', 4.96, 16, 79.36, 2, 1, ''),
(223, 'REDUCTION PVC INCORPOREE MF DIAM 40-32', 'UN', 0.82, 16, 13.12, 2, 1, ''),
(224, 'REVETEMENT MURAL TOILE DE VERRE MOTIF GRAINE', 'UN', 89.90, 4, 359.60, 2, 1, ''),
(225, 'ROBINET ARRET WC EQUERRE DIAM 3/8', 'UN', 2.09, 16, 33.44, 2, 1, ''),
(226, 'ROBINET DE PUISAGE RACCORD A NEZ DIAM 1/2', 'UN', 5.80, 2, 11.60, 2, 1, ''),
(227, 'ROBINET DE RADIATEUR DROIT SIMPLE REGLAGE DIAM 1/2', 'UN', 4.28, 6, 25.68, 2, 1, ''),
(228, 'ROBINET DE RADIATEUR DROIT SIMPLE REGLAGE DIAM 3/8', 'UN', 3.55, 6, 21.30, 2, 1, ''),
(229, 'ROBINET DE RADIATEUR EQUERRE THERMOSTATIQUE DIAM 1/2', 'UN', 42.58, 2, 85.16, 2, 1, ''),
(230, 'ROBINET DE RADIATEUR SIMPLE REGLAGE EQUERRE DIAM 1/2', 'UN', 3.70, 4, 14.80, 2, 1, ''),
(231, 'ROBINET DE RADIATEUR SIMPLE REGLAGE EQUERRE DIAM 3/8', 'UN', 3.29, 4, 13.16, 2, 1, ''),
(232, 'ROBINET LAVE MAINS BEC HAUT TETE CERAMIQUE', 'UN', 27.71, 16, 443.36, 2, 1, ''),
(233, 'ROBINET MACHINE A LAVER 1/4 DE TOUR 1/2- 3/4', 'UN', 6.18, 16, 98.88, 2, 1, ''),
(234, 'ROBINETTERIE MELANGEUSE MONOTROU POUR LAVABO', 'UN', 28.00, 16, 448.00, 2, 1, ''),
(235, 'ROBINETTERIE MELANGEUSE POUR DOUCHE ENTRAXE 150 MM', 'UN', 26.95, 2, 53.90, 2, 1, ''),
(236, 'ROSACE CONIQUE BICHROMATEE HAUT 19 MM', 'UN', 0.04, 10, 0.40, 2, 1, ''),
(237, 'ROSACE CONIQUE BICHROMATEE HAUT 9 MM', 'UN', 0.04, 10, 0.40, 2, 1, ''),
(238, 'ROULEAU ABRASIF PAPIER POUR BATIMENT 100MM X 50M GRAIN 120', 'UN', 18.52, 2, 29.63, 2, 1, ''),
(239, 'ROULEAU ABRASIF PAPIER POUR BATIMENT 100MM X 50M GRAIN 80', 'UN', 18.52, 2, 29.63, 2, 1, ''),
(240, 'ROULEAU TEFLON POUR SANITAIRE', 'ROULE', 0.60, 4, 2.40, 2, 1, ''),
(241, 'RUBAN ADHESIF DE MASQUAGE POUR PEINTURE CARROSSERIE SOLVANTEE  LARG 25 MM', 'm', 1.61, 4, 6.44, 2, 1, ''),
(242, 'RUBAN D_ISOLATION 19 MM X 10 M - BLEU', 'UN', 3.67, 1, 3.67, 2, 1, ''),
(243, 'RUBAN D_ISOLATION 19 MM X 10 M - ROUGE', 'UN', 3.67, 1, 3.67, 2, 1, ''),
(244, 'RUBAN D_ISOLATION 19 MM X 10 M - VERT/JAUNE', 'UN', 1.92, 1, 1.92, 2, 1, ''),
(245, 'RUBAN SIGNALISATION NON ADHESIF ROUGE-BLANC', 'ROULE', 1.38, 4, 5.52, 2, 1, ''),
(246, 'SELLE DE BRANCHEMENT 90 DEG  DIAM 100-40', 'UN', 3.83, 16, 61.28, 2, 1, ''),
(247, 'SERRURE NF CYLINDRE LAQ NOIRE 50', 'UN', 3.01, 16, 48.16, 2, 1, ''),
(248, 'SIPHON PVC LAVABO 1 1/4 SORTIE HORIZONTALE DIAM 32', 'UN', 2.98, 16, 47.68, 2, 1, ''),
(249, 'SIPHON PVC MACHINE A LAVER SORTIE HORIZONTALE DIAM 40 MM', 'UN', 5.58, 16, 89.28, 2, 1, ''),
(250, 'SYSTEME INTELLIGENT DE SERRURE DE PORTE HOTEL - CLE CARTE NUMERIQUE DE SERRURE', 'UN', 72.00, 2, 144.00, 2, 1, ''),
(251, 'TE CUIVRE NUM 130 CU DIAM 12', 'UN', 0.91, 48, 43.68, 2, 1, ''),
(252, 'TE PIED DE BICHE PVC 87.30 DEG  FF DIAM 100', 'UN', 1.38, 16, 22.08, 2, 1, ''),
(253, 'TE PIED DE BICHE PVC 87.30 DEG FF DIAM 32', 'UN', 1.69, 32, 54.08, 2, 1, ''),
(254, 'TE PIED DE BICHE PVC 87.30 DEG FF DIAM 40', 'UN', 2.10, 32, 67.20, 2, 1, ''),
(255, 'TÉLÉCOMMANDE M/A POUR BAAS MA - MA ME - MA ME FL', 'UN', 67.20, 2, 134.40, 2, 1, ''),
(256, 'TELERUPTEUR MODULAIRE', 'UN', 11.22, 2, 22.44, 2, 1, ''),
(257, 'TELERUPTEUR UNIPOLAIRE SILENCIEUX 230 V  10 A - A ENCASTRER', 'UN', 8.82, 2, 17.64, 2, 1, ''),
(258, 'VANNE BOISSEAU SPHERIQUE AVEC PURGE FF DIAM 3/4', 'UN', 6.60, 2, 13.20, 2, 1, ''),
(259, 'VANNE BOISSEAU SPHERIQUE FF DIAM 3/8', 'UN', 6.97, 64, 446.08, 2, 1, ''),
(260, 'VERROU DE SURETE A BOUTON', 'UN', 24.90, 16, 398.40, 2, 1, ''),
(261, 'VIS A BOIS VBA 4X60', 'UN', 0.29, 2, 0.58, 2, 1, ''),
(262, 'VIS A BOIS VBA TF PZ 5X30', 'UN', 0.00, 0, 0.00, 2, 1, ''),
(263, 'VIS AUTOPERC. TCB AC ZI 7504 3,5X9,5', 'UN', 0.01, 2, 0.02, 2, 1, ''),
(264, 'VIS P/PLAQUE PLATRE AUTOPERC.3,5X35', 'UN', 0.00, 4, 0.00, 2, 1, ''),
(265, 'VIS POUR PLAQUE DE PLATRE TTPC 25X3.5', 'UN', 5.18, 8, 41.44, 2, 1, ''),
(266, 'WC PACK PATIO/OLA SH 3/6 L BLANC', 'UN', 99.00, 16, 999.99, 2, 1, ''),
(267, 'BLOC PORTE ISOPLANE 63X204 RIVE DROITE HUISSERIE DE 68 DP', 'UN', 48.61, 16, 777.76, 2, 2, ''),
(268, 'BOIS OSSATURE RABOTE 4F SAPIN / EPICEA CLASSE 2 / 45 X 95 MM', 'm', 336.62, 0, 67.32, 2, 2, ''),
(269, 'BOIS DE COFFRAGE PLANCHE EPAISSEUR 27 MM LARGEUR 200 MM', 'm²', 12.00, 3, 38.40, 2, 2, ''),
(270, 'BOIS PANNEAU OSB BORDS DROITS 2500 X 1250 MM EPAISSEUR 18 MM', 'm²', 16.50, 96, 999.99, 2, 2, ''),
(271, 'BOIS TASSEAU RABOTE 30 X 20 MM', 'm', 1.63, 16, 26.08, 2, 2, ''),
(272, 'ENSEMBLE DE PORTE BASIQUE CHROME  CLE L ENTRAXE 165 MM', 'UN', 7.05, 16, 112.80, 2, 2, ''),
(273, 'ENSEMBLE DE PORTE BASIQUE CHROME CLE I', 'UN', 18.00, 16, 288.00, 2, 2, ''),
(274, 'FENETRE PVC OSCILLO BATTANTE AVEC VOLET ROULANT INTEGRE LARG 100 CM HAUT 75 CM', 'UN', 286.00, 2, 572.00, 2, 2, ''),
(275, 'Isolation GR 100MM panneau', '', 0.00, 0, 0.00, 2, 2, ''),
(276, 'PLAQUE DE PLATRE BA 13 - 2.50X1.20', 'm²', 2.65, 480, 999.99, 2, 2, ''),
(277, 'TABLETTE BOIS LISSE LONG 200CM LARG 30CM EP 18MM', 'UN', 6.50, 8, 52.00, 2, 2, ''),
(278, 'TASSEAU 22 X 45mm - SAPIN/EPICEA CL2 RABOTE 4F', 'm³', 484.07, 1, 242.03, 2, 2, ''),
(279, 'CARRELAGE GRES EMAILLE 33X33', 'm²', 9.62, 32, 307.84, 2, 3, ''),
(280, 'CARREAU DE PLATRE ', '', 0.00, 0, 0.00, 2, 3, ''),
(281, 'COLLE ADHESIVE (Faïence)', 'kg', 0.00, 0, 0.00, 2, 3, ''),
(282, 'ENDUIT DE REBOUCHAGE EN POUDRE INTERIEUR', 'kg', 3.07, 32, 98.24, 2, 3, ''),
(283, 'ENDUIT JOINT LENT (plaque de plâtre SAC DE 25KG)', 'SAC', 20.76, 6, 116.26, 2, 3, ''),
(284, 'ENDUIT JOINT RAPIDE (plaque de plâtre sac de 25kg)', 'SAC', 0.00, 0, 0.00, 2, 3, ''),
(285, 'FAIENCE 20X20 ', 'm² ', 9.10, 32, 291.20, 2, 3, ''),
(286, 'ISOLATION EN 100MM PV ', 'm² ', 0.00, 0, 0.00, 2, 3, ''),
(287, 'MORTIER ADHESIF', 'kg', 0.00, 0, 0.00, 2, 3, ''),
(288, 'MORTIER COLLE C1 GRIS', 'kg', 0.60, 112, 67.20, 2, 3, ''),
(289, 'MORTIER JOINT FORMULE BLANC', 'kg', 0.52, 16, 8.32, 2, 3, ''),
(290, 'MORTIER JOINT FORMULE GRIS', 'Kg  ', 0.60, 16, 9.60, 2, 3, ''),
(291, 'Plâtre', 'Kg', 0.00, 0, 0.00, 2, 3, ''),
(292, 'PLINTHE CARRELAGE', 'ml', 0.00, 0, 0.00, 2, 3, ''),
(293, 'PLINTHE SAPIN DU NORD A PEINDRE EPAISSEUR  10 MM HAUTEUR 70 MM', 'm', 3.13, 48, 150.24, 2, 3, ''),
(294, 'PRIMAIRE ACCROCHAGE POUR SUPPORT NON ABSORBANT', 'L', 11.78, 4, 47.12, 2, 3, ''),
(295, 'RADIATEUR ACIER 11S H 600 X L 520', 'UN', 52.01, 4, 208.04, 2, 3, ''),
(296, 'RAGREAGE SOL FIBRE', 'kg ', 0.00, 0, 0.00, 2, 3, ''),
(297, 'RAGREAGE SOL', 'Kg', 0.00, 0, 0.00, 2, 3, ''),
(298, 'TUBE PVC DIAM 100 LONG 4 M', 'm', 1.10, 32, 35.20, 2, 3, ''),
(299, 'TUBE PVC DIAM 32 LONG 4 M', 'm', 1.86, 34, 62.50, 2, 3, ''),
(300, 'TUBE PVC DIAM 40 LONG 4 M', 'm', 1.90, 40, 76.00, 2, 3, ''),
(301, 'CAISSE à OUTILS', 'U', 0.00, 0, 0.00, 1, 4, ''),
(302, 'MACHINE COUPE CARREAUX TYPE RUBI TS 40', 'U', 0.00, 4, 176.08, 1, 4, ''),
(303, 'MAILLET CAOUTCHOUC BLANC 650G DIAM 65 MM', 'U', 0.00, 16, 74.24, 1, 4, ''),
(304, 'TABLE DE TAPISSIER - DIM 0.70X2 M', 'U', 0.00, 2, 217.82, 1, 4, ''),
(305, 'CHAMPLAT BOIS EPAIS 6 MM LARG 30 MM', 'mL', 0.81, 96, 77.76, 2, 4, ''),
(306, 'CONDUIT ICTA / IRL 16 /32 FIXATION REGLABLE', 'UN', 21.47, 1, 21.47, 2, 4, ''),
(307, 'CONDUIT ICTA / IRL 16 FIXATION CLIP', 'UN', 0.15, 1, 0.15, 2, 4, ''),
(308, 'CONDUIT ICTA / IRL 20 FIXATION CLIP', 'UN', 0.40, 1, 0.40, 2, 4, ''),
(309, 'CONDUIT ICTA 16', 'UN', 0.37, 240, 88.80, 2, 4, ''),
(310, 'CONDUIT ICTA 20', 'UN', 0.41, 160, 65.60, 2, 4, ''),
(311, 'CONDUIT IRL 16 DERIVATION', 'UN', 1.02, 10, 10.20, 2, 4, ''),
(312, 'CONDUIT IRL 16 EQUERRE', 'UN', 0.50, 10, 5.00, 2, 4, ''),
(313, 'CONDUIT IRL 16 TULIPE', 'UN', 0.60, 4, 2.40, 2, 4, ''),
(314, 'CONDUIT IRL 20 DERIVATION', 'UN', 1.01, 10, 10.10, 2, 4, ''),
(315, 'CONDUIT IRL 20 EQUERRE', 'UN', 0.80, 10, 8.00, 2, 4, ''),
(316, 'CONDUIT IRL 20 TULIPE', 'UN', 0.80, 4, 3.20, 2, 4, ''),
(317, 'CONSOLE RADIATEUR ACIER A VISSER POUR CLOISON LOURDE', 'UN', 0.47, 8, 3.76, 2, 4, ''),
(318, 'CORNIERE DE RIVE POUR PLAFOND DEMONTABLE 24X19 MM LONG 3 M', 'BOITE', 81.90, 2, 163.80, 2, 4, ''),
(319, 'CUVETTE DE WC SUSPENDUE', 'UN', 87.80, 2, 175.60, 2, 4, ''),
(320, 'DALLE POUR PLAFOND DEMONTABLE 60X60 CM', 'm²', 20.53, 40, 821.20, 2, 4, ''),
(321, 'DALLE SOUPLE PVC 30X30', 'm² ', 3.90, 24, 93.60, 2, 4, ''),
(322, 'Eclisse à ossature', 'Boite', 0.00, 0, 0.00, 2, 4, ''),
(323, 'ENTRETOISE POUR PLAFOND DEMONTABLE T DE 24 - LONG 120 CM', 'm', 1.49, 32, 47.68, 2, 4, ''),
(324, 'ENTRETOISE POUR PLAFOND DEMONTABLE T DE 24 - LONG 60 CM', 'm', 1.62, 80, 129.60, 2, 4, ''),
(325, 'GOULOTTE PLEINE BLANCHE 134X55', 'm', 23.06, 2, 46.12, 2, 4, ''),
(326, 'LAVABO BLANC 56X45 CM A POSER SUR COLONNE', 'UN', 51.60, 2, 103.20, 2, 4, ''),
(327, 'LAVE-MAINS', 'UN', 37.50, 16, 600.00, 2, 4, ''),
(328, 'PORTEUR T 24 BLANC POUR FAUX PLAFOND DEMONTABLE', 'M', 1.45, 64, 92.80, 2, 4, ''),
(329, 'RADIATEUR ELECTRIQUE', 'u', 0.00, 0, 0.00, 2, 4, ''),
(330, 'SUSPENTE REGLABLE TIGE ET RESSORT (BOITE DE 100)', 'BOITE', 18.58, 1, 18.58, 2, 4, ''),
(331, 'TUBE CUIVRE ECROUI DUR R 290 DIAM 12', 'm', 2.28, 160, 364.80, 2, 4, ''),
(332, 'TUBE MULTICOUCHE DIAM 16 COURONNE 100 M', 'm', 0.81, 80, 64.80, 2, 4, ''),
(333, 'TUBE PER GAINE 13X16 BLEU COURONNE 50 M', 'm', 1.16, 32, 37.12, 2, 4, ''),
(334, 'TUBE PER GAINE 13X16 ROUGE COURONNE 50 M', 'm', 1.16, 32, 37.12, 2, 4, ''),
(335, 'Crépi RPE', 'Kg', 0.00, 0, 0.00, 2, 5, ''),
(336, 'Colle toile de verre', ' kg', 0.00, 0, 0.00, 2, 5, ''),
(337, ' Fourrure f530', 'm', 0.00, 0, 0.00, 2, 5, ''),
(338, 'Montant M 48 - 2.50 M', 'm', 1.12, 560, 627.20, 2, 5, ''),
(339, 'Peinture impression', 'L', 8.69, 64, 556.16, 2, 5, ''),
(340, 'Peinture Mat', 'L', 3.16, 32, 101.12, 2, 5, ''),
(341, 'Peinture satiné', 'L', 0.00, 0, 0.00, 2, 5, ''),
(342, 'Peinture boiseries', 'L', 7.20, 96, 691.20, 2, 5, ''),
(343, 'Peinture façade', 'L', 0.00, 0, 0.00, 2, 5, ''),
(344, 'RAIL 48 Long 3 M', 'm', 1.07, 576, 616.32, 2, 5, ''),
(345, 'Vinyle intissé à peindre', 'M', 0.00, 0, 0.00, 2, 5, ''),
(346, ' Vinyle intissé', 'm', 0.00, 0, 0.00, 2, 5, ''),
(347, 'Dalle PVC ', 'm²', 0.00, 0, 0.00, 2, 5, ''),
(348, 'Lame PVC', 'm²', 0.00, 0, 0.00, 2, 5, ''),
(349, 'Pack wc', 'U', 0.00, 0, 0.00, 2, 5, ''),
(350, 'Vasque', 'U', 0.00, 0, 0.00, 2, 5, ''),
(351, 'Lavabo', 'U', 0.00, 0, 0.00, 2, 5, ''),
(352, 'Évier', 'U', 0.00, 0, 0.00, 2, 5, '');

-- --------------------------------------------------------

--
-- Structure de la table `reserves`
--

CREATE TABLE `reserves` (
  `id_reserve` smallint(3) NOT NULL,
  `reserve_name` varchar(10) NOT NULL,
  `color` varchar(7) NOT NULL
) ENGINE=InnoDB DEFAULT CHARSET=utf8mb4 COLLATE=utf8mb4_general_ci;

--
-- Déchargement des données de la table `reserves`
--

INSERT INTO `reserves` (`id_reserve`, `reserve_name`, `color`) VALUES
(1, '1', '#0000FF'),
(2, '2', '#FFFF00'),
(3, '3', '#FF0000'),
(4, '4', '#008000'),
(5, '5', '#800080');

-- --------------------------------------------------------

--
-- Structure de la table `users`
--

CREATE TABLE `users` (
  `id_user` smallint(5) NOT NULL,
  `user_name` varchar(15) NOT NULL,
  `pwd` varchar(100) NOT NULL,
  `role` varchar(15) NOT NULL COMMENT 'formateur, stagiaire'
) ENGINE=InnoDB DEFAULT CHARSET=utf8mb4 COLLATE=utf8mb4_general_ci;

--
-- Déchargement des données de la table `users`
--

INSERT INTO `users` (`id_user`, `user_name`, `pwd`, `role`) VALUES
(1, 'stagiaire', '$2y$10$wGcEYJ3A5kOUXFELbTf8GOaJjv8oSll.kaTxS3LgGsjyjTtWTuDGy', 'stagiaire'),
(2, 'formateur', '$2y$10$tyYpZzoJdeOyszjilk.8B.DaVsPfD.W8x6pMBr/vJxuii7jMb1as6', 'formateur');

--
-- Index pour les tables déchargées
--

--
-- Index pour la table `category`
--
ALTER TABLE `category`
  ADD PRIMARY KEY (`id_category`),
  ADD KEY `fk_reserve` (`reserve_id`);

--
-- Index pour la table `produits`
--
ALTER TABLE `produits`
  ADD PRIMARY KEY (`id_produit`),
  ADD KEY `fk_reserve` (`reserve_id`),
  ADD KEY `fk_category` (`category_id`);

--
-- Index pour la table `reserves`
--
ALTER TABLE `reserves`
  ADD PRIMARY KEY (`id_reserve`);

--
-- Index pour la table `users`
--
ALTER TABLE `users`
  ADD PRIMARY KEY (`id_user`);

--
-- AUTO_INCREMENT pour les tables déchargées
--

--
-- AUTO_INCREMENT pour la table `category`
--
ALTER TABLE `category`
  MODIFY `id_category` smallint(3) NOT NULL AUTO_INCREMENT, AUTO_INCREMENT=3;

--
-- AUTO_INCREMENT pour la table `produits`
--
ALTER TABLE `produits`
  MODIFY `id_produit` smallint(3) NOT NULL AUTO_INCREMENT, AUTO_INCREMENT=353;

--
-- AUTO_INCREMENT pour la table `reserves`
--
ALTER TABLE `reserves`
  MODIFY `id_reserve` smallint(3) NOT NULL AUTO_INCREMENT, AUTO_INCREMENT=6;

--
-- AUTO_INCREMENT pour la table `users`
--
ALTER TABLE `users`
  MODIFY `id_user` smallint(5) NOT NULL AUTO_INCREMENT, AUTO_INCREMENT=3;

--
-- Contraintes pour les tables déchargées
--

--
-- Contraintes pour la table `produits`
--
ALTER TABLE `produits`
  ADD CONSTRAINT `fk_produits_category` FOREIGN KEY (`category_id`) REFERENCES `category` (`id_category`),
  ADD CONSTRAINT `fk_produits_reserves` FOREIGN KEY (`reserve_id`) REFERENCES `reserves` (`id_reserve`);
COMMIT;

/*!40101 SET CHARACTER_SET_CLIENT=@OLD_CHARACTER_SET_CLIENT */;
/*!40101 SET CHARACTER_SET_RESULTS=@OLD_CHARACTER_SET_RESULTS */;
/*!40101 SET COLLATION_CONNECTION=@OLD_COLLATION_CONNECTION */;
